Name,Spotify ID
The Weeknd,1Xyo4u8uXC1ZmMpatF05PJ
Taylor Swift,06HL4z0CvFAxyc27GXpf02
Drake,3TVXtAsR1Inumwj472S9r4
Rihanna,5pKCCKE2ajJHZ9KAiaK11H
Ariana Grande,66CXWjxzNUsdJxJ2JdwvnR
Justin Bieber,1uNFoZAHBGtllmzznpCI3s
Bruno Mars,0du5cEVh5yTK9QJze8zA0C
Coldplay,4gzpq5DPGxSnKTe4SA8HAU
Ed Sheeran,6eUKZXaKkcviH0Ku9w2n3V
Dua Lipa,6M2wZ9GZgrQXHCFfjv46we
Bad Bunny,4q3ewBCX7sLwd24euuV69X
Eminem,7dGJo4pcD2V6oG8kP0tJRR
David Guetta,1Cs0zKBU1kc0i8ypK3B9ai
Kanye West,5K4W6rqBFWDnAN6FQUkS6x
Marshmello,64KEffDW9EtZ1y2vBYgq8T
Doja Cat,5cj0lLjcoR7YOSnhnX0Po5
Billie Eilish,6qqNVTkY8uBg9cP3Jd7DAH
SZA,7tYKF4w9nC0nq9CsPZTHyP
21 Savage,1URnnhqYAYcrqrcwql10ft
Travis Scott,0Y5tJX1MQlPlqiwlOH1tJY
Miley Cyrus,5YGY8feqx7naU7z4HrwZM6
Maroon 5,04gDigrS5kc9YWfZHwBETP
Calvin Harris,7CajNmpbOovFoOoasH2HaY
Post Malone,246dkjvS1zLTtiykXe5h60
Olivia Rodrigo,1McMsnEElThX1knmY4oliG
Shakira,0EmeFodog0BfCgMzAIvKQp
Imagine Dragons,53XhwfbYqKCa1cC15pYq2q
Peso Pluma,12GqGscKJx3aE4t07u7eVZ
Lana Del Rey,00FQb4jTyendYWaN8pK0wa
Katy Perry,6jJ0s89eD6GaHleKKya26X
Nicki Minaj,0hCNtLu0JehylgoiP8L4Gh
Adele,4dpARuHxo51G3z768sgnrY
Lady Gaga,1HY2Jd0NmPuamShAr6KMms
Tate McRae,45dkTj5sMRSjrmBSBeiHym
Jack Harlow,2LIk90788K0zvyj2JJVwkJ
Harry Styles,6KImCVD70vtIoJWnq6nGn3
Metro Boomin,0iEtIxbK0KxaSlF7G42ZOp
Kendrick Lamar,2YZyLoL8N0Wb9xBt1NhZWg
Sam Smith,2wY79sveU1sp5g7SokKOiI
Beyoncé,6vWDO969PvNqNYHIOW5v0m
Future,1RyvyyTE3xzB2ZywiAwp0i
Sia,5WUlDfRSoLAfcVSX1WnrxN
Arctic Monkeys,7Ln80lUS6He07XvHI8qqHH
J Balvin,1vyhD5VmyZ7KMfW5gqLgo5
Queen,1dfeR4HaWDbWqFHLkxsg1d
Chris Brown,7bXgB6jMjp9ATFy66eO08Z
KAROL G,790FomKkXshlbRYZFtlgla
Elton John,3PhoLpVuITZKcymswpck5b
Daddy Yankee,4VMYDCV2IEDYJArk749S6m
Kali Uchis,1U1el3k54VvEUzo3ybLPlM
Madonna,6tbjWDEIzxoDsBA1FuhfPW
Khalid,6LuN9FCkKOj5PcnpouEgny
OneRepublic,5Pwc4xIPtQLFEnJriah9YJ
Selena Gomez,0C8ZW7ezQVs4URX5aX7Kqx
Feid,2LRoIwlKmHjgvigdNGBHNo
USHER,23zg3TcAtWQy7J6upgbUnj
Playboi Carti,699OTQXzgjhIYAHMy9RyPD
Justin Timberlake,31TPClRtHm23RisEBtV3X7
Shawn Mendes,7n2wHs1TKAczGzO7Dd2rGr
J. Cole,6l3HvQ5sa6mXTsMTB19rO5
Tiësto,2o5jDhtHVPhrJdv3cEQ99Z
Bizarrap,716NhGYqD1jl2wI1Qkgq36
Rauw Alejandro,1mcTU81TzQhprhouKaTkpq
Halsey,26VFTg2z8YR0cCuwLzESi2
Pitbull,0TnOYISbd1XYRBk9myaseg
Bebe Rexha,64M6ah0SkkRsnPGtGiRAbb
Myke Towers,7iK8PXO48WeuP03g8YR51W
Maluma,1r4hJ1h58CWwUQe3MxPuau
Black Eyed Peas,1yxSLGMDHlW21z4YXirZDS
Ozuna,1i8SpTcr7yvPOmcqrbnVXY
Lil Wayne,55Aa2cqylxrFIXC767Z865
One Direction,4AK6F7OLvEQ5QYCBNiQWHq
Mitski,2uYWxilOVlUdk4oV9DvwqK
Anitta,56OnRKCroIqOuaxbEnstY5
James Arthur,4IWBUUAFIplrNtaOHcJPRM
Camila Cabello,4nDoRrQiYLoBzwC5BhVJzF
Linkin Park,6XyY86QOPPrYVGvF9ch6wz
Michael Jackson,3fMbdgg4jU18AjLCKBhRSm
Ellie Goulding,0X2BH1fck6amBIoJhDVmmJ
The Chainsmokers,69GGBxA162lTqCwzJG5jLp
XXXTENTACION,15UsOTVnJzReFVN1VCnxy4
Arijit Singh,4YRxDV8wJFPHPTeXepOstw
Charlie Puth,6VuMaDnrHyPL1p4EHjYLi7
Lewis Capaldi,4GNC7GD6oZMSxPGyXy4MNB
Avicii,1vCWHaC5f2uS3yhpwWbIA6
Swae Lee,1zNqQNIdeOUZHb8zbZRFMX
Noah Kahan,2RQXRUsr4IW1f3mKyKsy4B
JAY-Z,3nFkdlSjzX9mRTtwJOzDYB
Ty Dolla $ign,7c0XG5cIJTrrAgEC3ULPiq
JENNIE,250b0Wlc5Vk0CoUsaCY84M
Ava Max,4npEfmQ6YuiwW1GpUmaq3F
Lil Uzi Vert,4O15NlyKLIASxsJ0PrXPfz
50 Cent,3q7HBObVc0L8jNeTe5Gofh
The Neighbourhood,77SW9BnxLY8rJ0RciFqkHh
Pritam,1wRPtKGflJrBx9BmLsSwlU
P!nk,1KCSPY1glIKqW2TotWuXOR
Britney Spears,26dSoYclwsYLMAKD3tpOr4
Grupo Frontera,6XkjpgcEsYab502Vr1bBeW
DJ Snake,540vIaP2JwjQb9dm3aArA4
The Beatles,3WrFJ7ztbogyGnTHbHJFl2
Creedence Clearwater Revival,3IYUhFvPQItj6xySrBmZkd
RAYE,5KKpBU5eC2tJDzf0wmlRp2
Gunna,2hlmm7s2ICUX0LVIhVFlZQ
Benson Boone,22wbnEMDvgVIAGdFeek6ET
The Kid LAROI,2tIP7SsRs7vjIcLrU85W8J
Farruko,329e4yvIujISKGKz1BZZbO
Manuel Turizo,0tmwSHipWxN12fsoLcFU3B
Anne-Marie,1zNqDE7qDGCsyzJwohVaoX
Red Hot Chili Peppers,0L8ExT028jH3ddEcZwqJJ5
JID,6U3ybJ9UHNKEdsH7ktGBZ7
Wiz Khalifa,137W8MRPWKqSmrBGDBFSop
Frank Ocean,2h93pZq0e7k5yf4dywlkpM
Shreya Ghoshal,0oOet2f43PA68X5RxKobEy
Young Miko,3qsKSpcV3ncke3hw52JSMB
Fleetwood Mac,08GQAI4eElDnROBrJRGE0X
Don Omar,33ScadVnbm2X8kkUqOkC6Z
Jung Kook,6HaGTQPmzraVmaVxvz6EUc
Anuel AA,2R21vXR83lH98kGeO99Y66
Kygo,23fqKkggKUBHNkbKtXEls4
Sabrina Carpenter,74KM79TiuVKeVCqs8QtB0B
Lily-Rose Depp,1pBLC0qVRTB5zVMuteQ9jJ
A.R. Rahman,1mYsTxnqsietFxj1OgoGbG
Fuerza Regida,0ys2OFYzWYB5hRDLCsBqxt
Juice WRLD,4MCBfE4596Uoi2O4DtmEMz
Quevedo,52iwsT98xCoGgiGntTiR7K
Hozier,2FXC3k01G6Gw61bmprjgqS
Sean Paul,3Isy6kedDrgPYoTS1dazA9
Vance Joy,10exVja0key0uqUkk6LJRT
Jason Derulo,07YZf4WDAMNwqr4jfgOZ8y
Rema,46pWGuE3dSwY3bMMXGBvVS
Flo Rida,0jnsk9HBra6NMjO2oANoPY
Xavi,3Me35AWHCGqW4sZ7bWWJt1
Lil Baby,5f7VJjfbwm532GiveGC0ZK
Green Day,7oPftvlwr6VrsViSDV7fJY
Young Thug,50co4Is1HCEo8bhOyUWKpn
ABBA,0LcJLqbBmaGUft1e9Mm8HV
Megan Thee Stallion,181bsRPaVXVlUKXrxwZfHK
Nirvana,6olE6TJLqED3rqDCT0FyPh
Major Lazer,738wLrAtLtCtFOLvQBXOXp
BTS,3Nrfpe0tUJi4K4DXYWgMUX
Carin Leon,66ihevNkSYNzRAl44dx6jJ
Teddy Swims,33qOK5uJ8AR2xuQQAhHump
Pharrell Williams,2RdwBSPQiwcmiDo9kixcl8
A$AP Rocky,13ubrt8QOOCPljQ2FL1Kca
Alicia Keys,3DiDSECUqqY1AuBP8qtaIa
Zach Bryan,40ZNYROS4zLfyyBSs2PGe2
AC/DC,711MCceyCBcFnzjGY4Q7Un
Diplo,5fMUXHkw8R8eOP2RNVYEZX
The Police,5NGO30tJxFlKixkPSgXcFE
Snoop Dogg,7hJcb9fa4alzcOq3EaNPoG
"Tyler, The Creator",4V8LLVI7PbaPR0K2TGSxFF
Macklemore,3JhNCzhSMTxs9WLGJJxWOY
Alan Walker,7vk5e3vY1uw9plTHJAMwjN
Demi Lovato,6S2OmqARrzebs0tKUEyXyp
Guns N' Roses,3qm84nBOXUEQ2vnTfUTTFC
Daniel Caesar,20wkVLutqVOYrc0kxFs7rA
Troye Sivan,3WGpXCj9YhhfX11TToZcXP
Lil Nas X,7jVv8c5Fj3E9VhNjxT4snq
Kodak Black,46SHBwWsqBkxI7EeeBEQG7
Tom Odell,2txHhyCwHjUEpJjWrEyqyX
Kid Cudi,0fA0VVWsXO9YnASrzqfmYu
Bon Jovi,58lV9VcRSjABbAbfWS6skp
The Rolling Stones,22bE4uQ6baNwSHPVcDxLCe
Cardi B,4kYSro6naA4h99UJvo89HB
Stephen Sanchez,5XKFrudbV4IiuE5WuTPRmT
Zara Larsson,1Xylc3o4UrD53lo9CvFvVg
Chencho Corleone,37230BxxYs9ksS7OkZw3IU
Kenya Grace,7uMDnSZyUYNBPLhPMNuaM2
Tyla,3SozjO3Lat463tQICI9LcE
Jhayco,6nVcHLIgY5pE2YCl8ubca1
Labrinth,2feDdbD5araYcm6JhFHHw7
Steve Lacy,57vWImR43h4CaDao012Ofp
Enrique Iglesias,7qG3b048QCHVRO5Pv1T5lw
DaBaby,4r63FhuTkUYltbVAg5TQnk
Alok,0NGAZxHanS9e0iNHpR8f2W
Conan Gray,4Uc8Dsxct0oMqx0P6i60ea
Akon,0z4gvV4rjIZ9wHck67ucSV
Ice Spice,3LZZPxNDGDFVSIPqf4JuEf
David Kushner,33NVpKoXjItPwUJTMZIOiY
Bee Gees,1LZEQNv7sE11VDY3SdxQeN
Ne-Yo,21E3waRsmPlU7jZsS13rcj
Tame Impala,5INjqkS1o8h1imAzPqGZBb
Becky G,4obzFoKoKRHIphyHzJ35G3
Miguel,360IAlyVv4PCEVjgyMZrxK
Junior H,7Gi6gjaWy3DxyilpF1a8Is
Don Toliver,4Gso3d4CscCijv0lmajZWs
ZAYN,5ZsFI1h6hIdQRw2ti0hz81
Kim Petras,3Xt3RrJMFv5SZkCfUE8C1J
Tory Lanez,2jku7tDXc6XoB6MO2hFuqg
Radiohead,4Z8W4fKeB5YxbusRsdQVPb
Central Cee,5H4yInM5zmHqpKIoMNAx4r
Bastille,7EQ0qTo7fWT7DPxmxtSYEc
Lord Huron,6ltzsmQQbmdoHHbLZ4ZN25
Nelly Furtado,2jw70GZXlAI8QzWeY2bgRc
Mariah Carey,4iHNK0tOyZPYnBU7nGAgpQ
Christina Aguilera,1l7ZsJRRS8wlW3WfJfPfNS
Arcángel,4SsVbpTthjScTS7U2hmr1X
ROSALÍA,7ltDVBr6mKbRvohxheJ9h1
Trippie Redd,6Xgp2XMz1fhVYe7i6yNAax
Brent Faiyaz,3tlXnStJ1fFhdScmQeLpuG
Nicky Jam,1SupJlEpv7RS2tPNRaHViT
Billy Joel,6zFYqv1mOsgBRQbae3JJ9e
The Killers,0C0XlULifJtAgn6ZNCW2eu
Metallica,2ye2Wgw4gimLv2eAKyk1NB
Nicki Nicole,2UZIAOlrnyZmyzt1nuXr9y
Fall Out Boy,4UXqAaa6dQYAk18Lv7PEgX
Lil Durk,3hcs9uc56yIGFCSy9leWe7
Kacey Musgraves,70kkdajctXSbqSMJbQO424
Sebastian Yatra,07YUOmWljBTXwIseAUd9TW
d4vd,5y8tKLUfMvliMe8IKamR32
Morgan Wallen,4oUHIQIBe0LHzYfvXNW4QM
Jennifer Lopez,2DlGxzQSjYe5N6G9nkYghR
Tyga,5LHRHt1k9lMyONurDHEdrp
Childish Gambino,73sIBHcqh3Z3NyqHKZ7FOL
Twenty One Pilots,3YQKmKGau1PzlVlkL1iodx
Panic! At The Disco,20JZFwl6HVl6yg8a4H3ZqK
Summer Walker,57LYzLEk2LcFghVwuWbcuS
Meghan Trainor,6JL8zeS1NmiOftqZTRgdTz
Robin Schulz,3t5xRXzsuZmMDkQzgOX35S
ATL Jacob,7jAs1uPnpfNmT6e5qtEPxq
Calum Scott,6ydoSd3N2mwgwBHtF6K7eX
Vishal-Shekhar,6Mv8GjQa7LKUGCAqa9qqdb
JVKE,164Uj4eKjl6zTBKfJLFKKK
Christian Nodal,0XwVARXT135rw8lyw1EeWP
DJ Khaled,0QHgL1lAIqAw0HtD7YldmP
Whitney Houston,6XpaIBNiVzIetEPCWDvAFP
Latto,3MdXrJWsbVzdn6fe5JYkSQ
Sophie Ellis-Bextor,2cBh5lVMg222FFuRU7EfDE
Mac Miller,4LLpKhyESsyAXpc4laK94U
Maria Becerra,1DxLCyH42yaHKGK3cl5bvG
Vishal Mishra,5wJ1H6ud777odtZl5gG507
Romeo Santos,5lwmRuXgjX8xIwlnauTZIP
The Lumineers,16oZKvXb6WkQlVAjwo2Wbg
Lil Tecca,4Ga1P7PMIsmqEZqhYZQgDo
Mark Ronson,3hv9jJF3adDNsBSIQDqcjp
Disney,3xvaSlT4xsyk6lY1ESOspO
Pop Smoke,0eDvMgVFoNV3TpwtrVCoTj
Swedish House Mafia,1h6Cn3P4NGzXbaXidqURXs
Cigarettes After Sex,1QAJqy2dA3ihHBFIHRphZj
Offset,4DdkRBBYG6Yk9Ka8tdJ9BW
Lost Frequencies,7f5Zgnp2spUuuzKplmRkt7
Dr. Dre,6DPYiyq5kWVQS4RGwxzPC7
El Alfa,2oQX8QiMXOyuqbcZEFsZfm
2Pac,1ZwdS5xdxEREPySFridCfh
Bob Marley & The Wailers,6BH2lormtpjy3X9DyrGHVj
D-Block Europe,5VadK1havLhK1OpKYsXv9y
Aerosmith,7Ey4PD4MYsKc5I2dolUwbH
John Legend,5y2Xq6xcjJb2jVM54GHK3t
Giveon,4fxd5Ee7UefO4CUXgwJ7IP
Baby Keem,5SXuuuRpukkTvsLuUknva1
Elley Duhé,67MNhiAICFY6Pwc2YxCO0K
Sachin-Jigar,1mBydYMVBECdDmMfE2sEUO
Natanael Cano,0elWFr7TW8piilVRYJUe4P
Amitabh Bhattacharya,2fMqTqiTxUDlmcOEPaQSsx
Gorillaz,3AA28KZvwAUcZuOKwyblJQ
Anirudh Ravichander,4zCH9qm4R2DADamUHMCa6O
Eladio Carrion,5XJDexmWFLWOkjOEjOVX3e
Tears For Fears,4bthk9UfsYUYdcFyqxmSUU
Plan B,2jSGzJw0ebJLu7OLVSOcBP
Macklemore & Ryan Lewis,3JhNCzhSMTxs9WLGJJxWOY
Ryan Lewis,4myTppRgh0rojLxx8RycOp
Marvin Gaye,3koiLjNrgRTNbOwViDipeA
U2,51Blml2LZPmy7TTiAg47vQ
Luke Combs,718COspgdWOnwOFpJHRZHS
Ryan Castro,7j6DKwmjbxvpQO8h914uEz
Tanishk Bagchi,4f7KfxeHq9BiylGmyXepGt
Flo Milli,08PvCOlef4xdOr20jFSTPd
Tainy,0GM7qgcRCORpGnfcN2tCiB
Mora,0Q8NcsJwoCbZOHHW63su5S
Grupo Marca Registrada,1gW6pz5n1aK249L0GvfQCC
Hotel Ugly,35WVTyRnKAoaGExqgktVyb
Shilpa Rao,19LIHDDSHBD5NyYHI3gpzB
Gabito Ballesteros,6Sbl0NT50roqWvy746MfVf
Chino Pacas,2rmkQLzj0k4nZdQehOUByO
Natasha Bedingfield,7o95ZoZt5ZYn31e9z1Hc0a
NLE Choppa,0ErzCpIMyLcjPiwT4elrtZ
Roddy Ricch,757aE44tKEUQEqRuT6GnEB
Sexyy Red,3DbwFQlvLxRSi2uX8mf81A
Chris Stapleton,4YLtscXsxbVgi031ovDDdh
Phil Collins,4lxfqrEsLX6N1N4OCSkILp
Måneskin,0lAWpj5szCSwM4rUMHYmrr
Grupo Firme,1dKdetem2xEmjgvyymzytS
Lorde,163tK9Wjr9P9DmM0AVK7lm
Glass Animals,4yvcSjfu4PC0CYQyLy4wSq
Tiago PZK,5Y3MV9DZ0d87NnVm56qSY1
Empire of the Sun,67hb7towEyKvt5Z8Bx306c
Martin Garrix,60d24wfXkVzDSfLS6hyCjZ
Paramore,74XFHRwlV6OrjEM0A2NCMF
Jonas Brothers,7gOdHgIoIKoe4i9Tta6qdD
Foo Fighters,7jy3rLJdDQY21OgRLCZ9sD
The Cranberries,7t0rwkOPGlDPEhaOcVtOt9
TV Girl,0Y6dVaC9DZtPNH4591M42W
The Notorious B.I.G.,5me0Irg2ANcsgc93uaYrpb
cassö,5wCmhq5J2hPwL2r0eKurxn
Udit Narayan,70B80Lwx2sxti0M1Ng9e8K
Kesha,6LqNN22kT3074XbTVUrhzX
Joji,3MZsBdqDrRTJihTHQrO6Dq
Polo G,6AgTAQt8XS6jRWi4sX7w49
KK,4fEkbug6kZzzJ8eYX6Kbbp
Yeat,3qiHUAX7zY4Qnjx8TNUzVx
Em Beihold,7o2ZQYM7nTsaVdkXY38UAA
Clean Bandit,6MDME20pz9RveH9rEXvrOM
Oasis,2DaxqgrOhkeH0fpeiQq2f4
Outkast,1G9G7WwrXka3Z1r7aIDjI7
Luis Fonsi,4V8Sr092TqfHkfAA5fXXqG
Timbaland,5Y5TRrQiqgUO4S36tzjIRZ
Bryan Adams,3Z02hBLubJxuFJfhacLSDc
Camilo,28gNT5KBp7IjEOQoevXf9N
Elvis Presley,43ZHCT0cAZBISjO8DG9PnE
TOTO,0PFtn5NtBbbUNbU9EAmIWF
Yandel,0eHQ9o50hj6ZDNBt6Ys1sD
5 Seconds of Summer,5Rl15oVamLq7FbSb0NNBNy
Alec Benjamin,5IH6FPUwQTxPSXurCrcIov
Duki,1bAftSH8umNcGZ0uyV7LMg
Reik,0vR2qb8m9WHeZ5ByCbimq2
Manan Bhardwaj,3pQ4aA7dkolyjUAMrVScgh
Florence + The Machine,1moxjboGR7GNWYIMWsRjgG
Skrillex,5he5w2lnU9x7JFhnwcekXX
Dave,2TI7qyDE0QfyOlnbtfDo7L
Shankar Mahadevan,1SJOL9HJ08YOn92lFcYf8a
Coi Leray,6AMd49uBDJfhf30Ak2QR5s
League of Legends,47mIJdHORyRerp4os813jD
Eagles,0ECwFtbIWEVNwjlrfc6xoL
Keane,53A0W3U0s8diEn9RhXQhVz
TINI,7vXDAI8JwjW531ouMGbfcp
Rels B,2IMZYfNi21MGqxopj9fWx8
Avril Lavigne,0p4nmQO2msCgU4IF37Wi3j
Milo j,19HM5j0ULGSmEoRcrSe5x3
MEDUZA,0xRXCcSX89eobfrshSVdyu
Dean Lewis,3QSQFmccmX81fWCUSPTS7y
Migos,6oMuImdp5ZcFhWP0ESe6mG
Julia Michaels,0ZED1XzwlLHW4ZaG4lOT6m
Jason Mraz,4phGZZrJZRo4ElhRtViYdl
Daft Punk,4tZwfgrHOc3mvqYlEYSvVi
blink-182,6FBDaR13swtiWwGhX1WQsP
Nelly,2gBjLmx6zQnFGQJCAQpRgw
Train,3FUY2gzHeIiaesXtOAdB7A
NewJeans,6HvZYsbFfjnjFrWF950C9d
Ruth B.,2WzaAvm2bBCf4pEhyuDgCY
LUDMILLA,3CDoRporvSjdzTrm99a3gi
Jonas Blue,1HBjj22wzbscIZ9sEb5dyf
Stevie Wonder,7guDJrEfX3qb6FEbdPA5qi
French Montana,6vXTefBL93Dj5IqAWq6OTv
Felix Jaehn,4bL2B6hmLlMWnUEZnorEtG
Backstreet Boys,5rSXSAkZ67PYJSvpUpkOr7
Anderson .Paak,3jK9MiCrA42lLAdMGUZpwa
Eslabon Armado,0XeEobZplHxzM9QzFQWLiR
Daryl Hall & John Oates,77tT1kLj6mCWtFNqiOmP9H
The Offspring,5LfGQac0EIXyAN8aUwmNAQ
Emilia,0AqlFI0tz2DsEoJlKSIiT9
PinkPantheress,78rUTD7y6Cy67W1RVzYs7t
Lauv,5JZ7CnR6gTvEMKX4g70Amv
The Goo Goo Dolls,2sil8z5kiy4r76CRTXxBCA
Sech,77ziqFxp5gaInVrF2lj4ht
Wisin & Yandel,1wZtkThiXbVNtj6hee6dz9
a-ha,2jzc5TC5TVFLXQlBNiIUzE
Calle 24,6dLuQ5qXxIuWc5urxfIiZR
Mac DeMarco,3Sz7ZnJQBIHsXLUSo0OQtM
Zion & Lennox,21451j1KhjAiaYKflxBjr1
System Of A Down,5eAWCfyUhZtHHtBdNk56l1
PARTYNEXTDOOR,2HPaUgqeutzr3jx5a9WyDV
BLACKPINK,41MozSoPIsD1dJM0CLPjZF
Bryson Tiller,2EMAnMvWE2eb56ToJVfCWs
R3HAB,6cEuCEZu7PAE9ZSzLLc2oQ
Pink Floyd,0k17h0D3J5VfsdmQ1iZtE9
The Script,3AQRLZ9PuTAozP28Skbq8V
Bill Withers,1ThoqLcyIYvZn7iWbj8fsj
Burna Boy,3wcj11K77LjEY1PkEazffa
Bon Iver,4LEiUm1SRbFMgfqnQTwUbQ
Lil Yachty,6icQOAFXDZKsumw3YXyusw
Journey,0rvjqX7ttXeg3mTy8Xscbt
benny blanco,5CiGnKThu5ctn9pBxv7DGa
Big Sean,0c173mlxpT3dSFRgMO8XPh
Jay Wheeler,2cPqdH7XMvwaBJEVjheH8g
Atif Aslam,2oSONSC9zQ4UonDKnLqksx
Mc Gw,0f1IECbrVV952unZkzrsg2
Sonu Nigam,1dVygo6tRFXC8CSWURQJq2
Led Zeppelin,36QJpDe2go2KgaRleHCDTp
MC Ryan SP,75i9GaW2MJUgt4BkdUnuUY
Jubin Nautiyal,1tqysapcCh1lWEAc9dIFpa
Juanes,0UWZUmn7sybxMCqrw9tGa7
YoungBoy Never Broke Again,7wlFDEWiM5OoIAt8RSli8b
A Boogie Wit da Hoodie,31W5EY0aAly4Qieq6OFu6I
G-Eazy,02kJSzxNuaWGqwubyUba0Z
Ana Castela,2CKOmarVWvWqkNWUatHCex
Vishal Dadlani,6CXEwIaXYfVJ84biCxqc9k
iñigo quintero,0jbo7KFNMiIkfBR6ih0yhm
Darshan Raval,2GoeZ0qOTt6kjsWW4eA6LS
Dominic Fike,6USv9qhCn6zfxlBQIYJ9qs
Amy Winehouse,6Q192DXotxtaysaqNPy5yR
George Michael,19ra5tSw0tWufvUp8GotLo
Aventura,1qto4hHid1P71emI6Fd8xi
Niall Horan,1Hsdzj7Dlq2I7tHP7501T4
Oscar Maydon,3l9G1G9MxH6DaRhwLklaf5
Carly Rae Jepsen,6sFIWsNpZYqfjUpaCgueju
Ñengo Flow,12vb80Km0Ew53ABfJOepVz
R.E.M.,4KWTAlx2RvbpseOGMEmROg
Little Mix,3e7awlrlDSwF3iM0WBjGMp
David Bowie,0oSGxfWSnnOXhD2fKuz2Gy
Danny Ocean,5H1nN1SzW0qNeUEZvuXjAj
Alka Yagnik,3gBKY0y3dFFVRqicLnVZYz
PNAU,6n28c9qs9hNGriNa72b26u
Dire Straits,0WwSkZ7LtFUFjGjMZBMt6T
Maná,7okwEbXzyT2VffBmyQBWLz
Shankar-Ehsaan-Loy,0L5GV6LN8SWWUWIdBbTLTZ
The Cure,7bu3H8JO7d0UbMoVzbo70s
Gwen Stefani,4yiQZ8tQPux8cPriYMWUFP
Jessie J,2gsggkzM5R49q6jpPvazou
Becky Hill,4EPJlUEBy49EX1wuFOvtjK
Mohit Chauhan,5GnnSrwNCGyfAU4zuIytiS
Alesso,4AVFqumd2ogHFlRbKIjp1t
Kelly Clarkson,3BmGtnKgCSGYIUhmivXKWX
De La Ghetto,3EiLUeyEcA6fbRPSHkG5kb
Tracy Chapman,7oPgCQqMMXEXrNau5vxYZP
B.o.B,5ndkK3dpZLKtBklKjxNQwT
Piso 21,4bw2Am3p9ji3mYsXNXtQcd
Dido,2mpeljBig2IXLXRAFO9AAs
Nickelback,6deZN1bslXzeGvOLaLMOIF
Cyndi Lauper,2BTZIqw0ntH9MvilQ3ewNY
Alessia Cara,2wUjUUtkb5lvLKcGKsKqsR
The White Stripes,4F84IBURUo98rz4r61KF70
Jaani,5gZhfbckaWo89OzDSk3gdT
Luis R Conriquez,0pePYDrJGk8gqMRbXrLJC8
Ofenbach,4AKwRarlmsUlLjIwt38NLw
beabadoobee,35l9BRT7MXmM8bv2WDQiyB
Eyedress,3XxNRirzbjfLdDli06zMaB
Christina Perri,7H55rcKCfwqkyDFH9wpKM6
Prince Royce,3MHaV05u0io8fQbZ2XPtlC
Sachet Tandon,6WOdPJmexxFINcKMkP2jMG
Luis Miguel,2nszmSgqreHSdJA3zWPyrW
Cris Mj,1Yj5Xey7kTwvZla8sqdsdE
Frank Sinatra,1Mxqyy3pSjf8kZZL4QVxS0
Chinmayi,5UJ2sHO2ELrgW6aXeRLTQQ
B Praak,56SjZARoEvag3RoKWIb16j
Banda MS de Sergio Lizárraga,2C6i0I5RiGzDKN9IAF8reh
Fred again..,4oLeXFyACqeem2VImYeBFe
Mc Don Juan,7Lmrb6KcIzfkmgbtokjsAL
"Earth, Wind & Fire",4QQgXkCYTt3BlENzhyNETg
The Walters,027TpXKGwdXP7iwbjUSpV8
Kings of Leon,2qk9voo8llSGYcZ6xrBzKx
Sunidhi Chauhan,3eDT9fwXKuHWFvgZaaYC5v
Gesaffelstein,3hteYQFiMFbJY7wS0xDymP
Passenger,0gadJ2b9A4SKsB1RFkBb66
Darell,1TtXnWcUs0FCkaZDPGYHdf
Key Glock,0RESbWvOMyua0yuyVrztJ5
My Chemical Romance,7FBcuc1gsnv6Y1nwFtNRCb
Bruce Springsteen,3eqjTLE0HfPfh78zjh6TqT
girl in red,3uwAm6vQy7kWPS2bciKWx9
Asees Kaur,1sVmXkzX2ukc6QvasrDBES
Los Ángeles Azules,0ZCO8oVkMj897cKgFH7fRW
blackbear,2cFrymmkijnjDg9SS92EPM
Shaggy,5EvFsr3kj42KNv97ZEnqij
Disclosure,6nS5roXSAGhTGr34W6n7Et
NF,6fOMl44jA4Sp5b9PpYCkzz
Lil Tjay,6jGMq4yGs7aQzuGsMgVgZR
MC Kevin o Chris,2UMj7NCbuqy1yUZmiSYGjJ
Lunay,47MpMsUfWtgyIIBEFOr4FE
Edgardo Nuñez,0mA4dkNGiN4fqTBi2SLlAv
Steve Aoki,77AiFEVeAVj2ORpC85QVJs
The Smiths,3yY2gUcIsjMr8hjo51PoJ8
Annie Lennox,5MspMQqdVbdwP6ax3GXqum
Dimitri Vegas & Like Mike,73jBynjsVtofjRpdpRAJGk
Lynyrd Skynyrd,4MVyzYMgTwdP7Z49wAZHx0
Justin Quiles,14zUHaJZo1mnYtn6IBRaRP
Ice Cube,3Mcii5XWf6E0lrY3Uky4cA
Imanbek,5rGrDvrLOV2VV8SCFVGWlj
Armin van Buuren,0SfsnGyD8FpIN4U4WCkBZ5
Lukas Graham,25u4wHJWxCA9vO0CzxAbK7
Michael Bublé,1GxkXlMwML1oSg5eLPiAz3
Mithoon,09UmIX92EUH9hAK4bxvHx6
Morat,5C4PDR4LnhZTbVnKWXuDKD
MGMT,0SwO7SWeDHJijQ3XNS7xEE
Eden Muñoz,1gJdf4Yybu4X5A2xYV3NMV
Himesh Reshammiya,0sSxphmGskGCKlwB9xa6WU
Cage The Elephant,26T3LtbuGT1Fu9m0eRq5X3
Gym Class Heroes,4IJczjB0fJ04gs4uvP0Fli
Kungs,7keGfmQR4X5w0two1xKZ7d
Zedd,2qxJFvFYMEDqd7ui6kSAcq
Blessd,1TA5sGRlKUJXBN4ZyJuDIX
Sean Kingston,6S0dmVVn4udvppDhZIWxCr
Russ,1z7b1Pr1rSlvWRzsW3HOrS
Lizzo,56oDRnqbIiwx4mymNEv7dS
Gabry Ponte,5ENS85nZShljwNgg4wFD7D
John Mayer,0hEurMDQu99nJRq8pTxO14
Kumaar,0m3D4grap8VFSzbJMqgNVk
Shania Twain,5e4Dhzv426EvQe3aDb64jL
Tammi Terrell,75jNCko3SnEMI5gwGqrbb8
Clairo,3l0CmX0FuQjFxr8SK7Vqag
Ricky Martin,7slfeZO9LsJbWgpkIoXBUJ
Dolly Parton,32vWCbZh0xZ4o9gkz4PsEU
Neeti Mohan,3ZxZ03fj3tXBZHZWzvaLSM
Black Sabbath,5M52tdBnJaKSvOpJGz8mfZ
Lil Peep,2kCcBybjl3SAtIcwdWpUe3
Richy Mitch & The Coal Miners,4qU7IJSReZnsLy5907Mtau
Topic,0u6GtibW46tFX7koQ6uNJZ
Tems,687cZJR45JO7jhk1LHIbgq
Kylie Minogue,4RVnAU35WRWra6OZ3CbbMA
Kehlani,0cGUm45nv7Z6M6qdXYQGTX
New West,69bG9tC62d8oTFC9aTTosn
Nile Rodgers,3yDIp0kaq9EFKe07X1X2rz
Badshah,0y59o4v8uw5crbN9M3JiL1
KHEA,4m6ubhNsdwF4psNf3R8kwR
Limp Bizkit,165ZgPlLkK7bf5bDoFc6Sb
Lenny Tavárez,1pQWsZQehhS4wavwh7Fnxd
Aqua,6kBjAFKyd0he7LiA5GQ3Gz
SYML,6AyATGg7mDgBlZ4N5uNog0
Ovy On The Drums,3m5qlPf2OkihLz3dRYnkPA
Destiny's Child,1Y8cdNmUJH7yBTd9yOvr5i
Gucci Mane,13y7CgLHjMVRMDqxdx0Xdo
Paul McCartney,4STHEaNw4mPZ2tzheohgXB
Jesse & Joy,2Hjj68yyUPiC0HKEOigcEp
Céline Dion,4S9EykWXhStSc15wEx8QFK
Carlos Vives,4vhNDa5ycK0ST968ek7kRr
Milky Chance,1hzfo8twXdOegF3xireCYs
Armaan Malik,4IKVDbCSBTxBeAsMKjAuTs
Meek Mill,20sxb77xiYeusSH8cVdatc
Beéle,7a0XAaPaK2aDSqa8p3QnC7
Melanie Martinez,63yrD80RY3RNEM2YDpUpO8
Noah Cyrus,55fhWPvDiMpLnE4ZzNXZyW
George Ezra,2ysnwxxNtSgbb9t1m2Ur4j
Weezer,3jOstUTkEu2JkjvRdBA5Gu
DJ Nelson,2ydZrTy8U3kOMOzx20s3dg
Julieta Venegas,2QWIScpFDNxmS6ZEMIUvgm
Ella Henderson,7nDsS0l5ZAzMedVRKPP8F1
DENNIS,6xlRSRMLgZbsSNd0BMobwy
Tove Lo,4NHQUGzhtTLFvgF5SZesLK
Evanescence,5nGIFgo0shDenQYSE0Sn7c
6LACK,4IVAbR2w4JJNJDDRFP3E83
Amaal Mallik,76fuWYgIf3TVIopTs3vaJ6
Chief Keef,15iVAtD3s3FsQR4w1v6M0P
Tulsi Kumar,0T1CMVkqffHlqEk4BcAph1
Javed Ali,4W91bbPB2CTSsHwt7eqNl7
Bryant Myers,6w9ToX5slZ4uIdmD17hJ3c
Tony Dize,3LKXWvXFWrkwUzJWxzwVpW
Bradley Cooper,4VIvfOurcf0vuLRxLkGnIG
Foster The People,7gP3bB2nilZXLfPHJhMdvc
Brray,1GKIlPFdcewHtpDVCQ8zmJ
Beach House,56ZTgzPBDge0OvCGgMO3OY
Julión Álvarez y su Norteño Banda,1bfl0AU8SqmLkElptOprhC
Jonita Gandhi,00sCATpEvwH48ays7PlQFU
Mike Posner,2KsP6tYLJlTBvSUxnwlVWa
Jax Jones,4Q6nIcaBED8qUel8bBx6Cr
Joel Corry,6DgP9otnZw5z6daOntINxp
Chase Atlantic,7cYEt1pqMgXJdq00hAwVpT
Jeremih,3KV3p5EY4AvKxOlhGHORLg
NATTI NATASHA,1GDbiv3spRmZ1XdM1jQbT7
Los Dareyes De La Sierra,1ZMJSCQw8DIefcLb1FIpY0
Muse,12Chz98pHFMPJEknJQMWvI
Rae Sremmurd,7iZtZyCzp3LItcw1wtPI3D
Kunaal Vermaa,52XgeWw24o4klNdfwvB0Vx
070 Shake,12Zk1DFhCbHY6v3xep2ZjI
Neha Kakkar,5f4QpKfy7ptCHwTqspnSJI
Ben E. King,3plJVWt88EqjvtuB4ZDRV3
Bring Me The Horizon,1Ffb6ejR6Fe5IamqA5oRUF
The Strokes,0epOFNiUfyON9EYx7Tpr6V
Alejandro Fernández,6sq1yF0OZEWA4xoXVKW1L9
KISS,07XSN3sPlIlB2L2XNcTwJw
Amit Trivedi,7HCqGPJcQTyGJ2yqntbuyr
Hariharan,2NoJ7NuNs9nyj8Thoh1kbu
Raj Shekhar,2DFCHTDIA0t638a4mm37dK
Jhené Aiko,5ZS223C6JyBfXasXxrRqOk
Oliver Tree,6TLwD7HPWuiOzvXEa3oCNe
Taio Cruz,6MF9fzBmfXghAz953czmBC
W&W,1Xyo4u8uXC1ZmMpatF05PJ
Boney M.,54R6Y0I7jGUCveDTtI21nb
Chance Peña,4lhUHpVOXmkEBGGHV71QCh
T-Pain,3aQeKQSyrW4qWr35idm0cy
The 1975,3mIj9lX2MWuHmhNCA7LSCW
Bad Gyal,4F4pp8NUW08JuXwnoxglpN
Madison Beer,2kRfqPViCqYdSGhYSM9R0Q
(G)I-DLE,2AfmfGFbe0A0WsTYm0SDTx
Luan Pereira,5kVgcCdPbeUwxBqWxi2Ktl
Paulo Londra,3vQ0GE3mI0dAaxIMYe5g7z
Flume,6nxWCVXbOlEVRexSbLsTer
Depeche Mode,762310PdDnwsDxAQxzQkfX
NAV,7rkW85dBwwrJtlHRDkJDAC
MC PH,4PLdCloYxu2bMKfuuB9lI5
Coolio,3y24n3XhZ96wgwRXjvS17T
Henrique & Juliano,3p7PcrEHaaKLJnPUGOtRlT
Silk Sonic,6PvvGcCY2XtUcSRld1Wilr
Parampara Tandon,1E6arsXf5Fgsnv9YpSzjpE
Scorpions,27T030eWyCQRmDyuvr1kxY
Galantis,4sTQVOfp9vEMCemLw50sbu
AURORA,1WgXqy2Dd70QQOU7Ay074N
Morad,4az97MtWmBQ5Db3GfDh9j9
Payal Dev,6FtZhorjCMfkaVJ7kKdmq7
Shubh,5r3wPya2PpeTTsXsGhQU8O
Dimitri Vegas,73jBynjsVtofjRpdpRAJGk
Gusttavo Lima,7MiDcPa6UiV3In7lIM71IN
Diljit Dosanjh,2FKWNmZWDBZR4dE5KX4plR
Shekhar Ravjiani,4xd7mLI7urqrxELaXhAvzw
Benny Dayal,61if35zz1W11GejEkxTLEQ
Yng Lvcas,1NNRWkhwmcXRimFYSBpB1y
Zé Neto & Cristiano,487N2T9nIPEHrlTZLL3SQs
Quavo,0VRj0yCOv2FXJNP47XQnx5
Saiko,2O8vbr4RYPpk6MRA4fio7u
Fergie,3r17AfJCCUqC9Lf0OAc73G
Robbie Williams,2HcwFjNelS49kFbfvMxQYw
Pearl Jam,1w5Kfo2jwwIPruYS2UWh56
Selena Gomez & The Scene,0C8ZW7ezQVs4URX5aX7Kqx
FMK,0dUyjgCyjfj5eMx6bX2TWf
X Ambassadors,3NPpFNZtSTHheNBaWC82rB
Jasleen Royal,74OaRjmyh0XyRZsQQQ5l7c
Tones And I,2NjfBq1NflQcKSeiDooVjY
Slipknot,05fG473iIaoy82BF1aGhL8
Jere Klein,35oGZihZclGoTVuICPXRP9
Arcane,57nPqD7z62gDdq37US9XJR
Ms. Lauryn Hill,2Mu5NfyYm8n5iTomuKAEHl
LE SSERAFIM,4SpbR6yFEvexJuaBpgAU5p
Van Morrison,44NX2ffIYHr6D4n7RaZF7A
Luar La L,4axKuDPr6WKcDCyh8vueTY
Sting,0Ty63ceoRnnJKVEYP0VQpk
Santana,6GI52t8N5F02MxU0g5U69P
Maren Morris,6WY7D3jk8zTrHtmkqqo5GI
Alfredo Olivas,5xYNmNkaWRqu3e5F4UXME8
Alejandro Sanz,5sUrlPAHlS9NEirDB8SEbF
Irshad Kamil,3GdSQUH1BRtl9UrrtuwJlP
mgk,6TIYQ3jFPwQSRmorSezPxX
Father John Misty,2kGBy2WHvF0VdZyqiVCkDT
Manoj Muntashir,4cAERazLlAzVGA10ORWaUP
Gotye,2AsusXITU8P25dlRNhcAbG
Rahat Fateh Ali Khan,3OLGltG8UPIea8sA4w0yg0
Rex Orange County,7pbDxGE6nQSZVfiFdq9lOL
24kGoldn,6fWVd57NKTalqvmjRd2t8Z
Rick Ross,1sBkRIssrMs1AbVkOJbc7a
Laufey,7gW0r5CkdEUMm42w9XpyZO
Blondie,4tpUmLEVLCGFr93o8hFFIB
Mari Fernandez,0BHm7qbh3ENxvXzkQAG7MP
Rochak Kohli,3dN9MQpjIyNxyeRfz4EDZe
Paul Russell,4zoRNhOhsGX3w8yBAnFSQ8
Luan Santana,3qvcCP2J0fWi0m0uQDUf6r
Papa Roach,4RddZ3iHvSpGV4dvATac9X
Chayanne,1JbemQ1fPt2YmSLjAFhPBv
H.E.R.,3Y7RZ31TRPVadSFVy1o8os
Rita Ora,5CCwRZC6euC8Odo6y9X8jr
Pablo Alborán,5M9Bb4adKAgrOFOhc05Y50
Montell Fish,5nvWOyAkfNgVLKESq4fOj2
NIKI,2kxP07DLgs4xlWz8YHlvfh
Siddharth - Garima,6k6TIai4KyKG1DeIMftSmJ
Mumford & Sons,3gd8FJtBJtkRxdfbTu19U2
The Game,0NbfKEOTQCcwd6o7wSDOHI
Peggy Gou,2mLA48B366zkELXYx7hcDN
Charli XCX,25uiPmTg16RbhZWAqwLBy5
Eurythmics,0NKDgy9j66h3DLnN8qu1bB
James Hype,43BxCL6t4c73BQnIJtry5v
Jatin-Lalit,4YgUVg4p7xtMOrOS4GjiJZ
Eric Clapton,6PAt558ZEZl0DmdXlnjMgD
Ashe,6P5NO5hzJbuOqSdyPB7SJM
DJ Luian,64aJYyrXljOodnUG6jvhRD
Norma Jean Martine,2fsk4VlJdNF6G8cCMDrrzB
Cosculluela,00me4Ke1LsvMxt5kydlMyU
Lata Mangeshkar,61JrslREXq98hurYL2hYoc
Gustavo Mioto,1X6ORK7IekgmyjV6IFPszP
Yo Yo Honey Singh,7uIbLdzzSEqnX0Pkrb56cR
Jorja Smith,1CoZyIx7UvdxT5c8UkMzHd
PEDRO SAMPAIO,5wbf52LA6kcaboHSN6NEF1
3 Doors Down,2RTUTCvo6onsAnheUk3aL9
The Pussycat Dolls,6wPhSqRtPu1UhRCDX5yaDJ
Salim–Sulaiman,6ohaQzKaXrobAL8paLSaxq
Sade,47zz7sob9NUcODy0BTDvKx
Rudimental,4WN5naL3ofxrVBgFpguzKo
Jaymes Young,6QrQ7OrISRYIfS5mtacaw2
WILLOW,3rWZHrfrsPBxVy692yAIxF
2 Chainz,17lzZA2AlOHwCwFALHttmp
Busta Rhymes,1YfEcTuGvBQ8xSD1f53UnK
Mc Daniel,6YzSM19LzpLH0nVKKU6Jsy
Mambo Kingz,2T1aUibqR2QC2sINIDQOAK
Soulja Boy,6GMYJwaziB4ekv1Y6wCDWS
Jack Johnson,3GBPw9NK25X1Wt2OUvOwY3
Simone Mendes,2eK9gcJQ6uqVvJL63dnOM3
Lenny Kravitz,5gznATMVO85ZcLTkE9ULU7
The Black Keys,7mnBLXK823vNxN3UWB7Gfz
Disturbed,3TOqt5oJwL9BE2NG9MEwDa
FIFTY FIFTY,4GJ6xDCF5jaUqD6avOuQT6
Foreigner,6IRouO5mvvfcyxtPDKMYFN
Wisin,1wZtkThiXbVNtj6hee6dz9
Aretha Franklin,7nwUJBm0HE4ZxD3f5cy5ok
Van Halen,2cnMpRsOVqtPMfq7YiFE6K
Spice Girls,0uq5PttqEjj3IH1bzwcrXF
Matheus & Kauan,2Z0lRIqr997lIUiPtrpKCr
Zendaya,6sCbFbEjbYepqswM1vWjjs
Marília Mendonça,1yR65psqiazQpeM79CcGh8
Mesita,2IKdK6PbitvCiXt1t2bPU6
Dani Flow,1yX62RHdYysNcIrO33WQxJ
Nikhita Gandhi,3tPQOjkxO3mrYrrgkTeXgH
Luísa Sonza,4PzYKhC14sTJNEr0dzoo0d
The Temptations,3RwQ26hR2tJtA8F9p2n7jG
Kimbra,6hk7Yq1DU9QcCCrz9uc0Ti
Anu Malik,71hjb5G92mGoKRSAW3Cj00
BENNETT,1r43wW70tnGUauQYvY5w48
Stromae,5j4HeCoUlzhfWtjAfM1acR
Electric Light Orchestra,7jefIIksOi1EazgRTfW2Pk
Los Tucanes De Tijuana,014WIDx7H4BRCHB1faiisK
Oscar Ortiz,0FvHxb8a4I0A2i8jKCsFei
Sebastian Esquivel,1tuNNda2SSH3o4lUms5K6C
Mary J. Blige,1XkoF8ryArs86LZvFOkbyr
The Fray,0zOcE3mg9nS6l3yxt1Y0bK
M83,63MQldklfxkjYDoUE4Tppz
Mc IG,2q9wk5fkeU2C9CgCKdh4AN
Big One,2OhUNb01gLwygOizYvTm0e
Normani,2cWZOOzeOm4WmBJRnD5R7I
Simon & Garfunkel,70cRZdQywnSFp9pnc2WTCE
Rod Stewart,2y8Jo9CKhJvtfeKOsYzRdT
The Doors,22WZ7M8sxp5THdruNY3gXt
DNCE,6T5tfhQCknKG4UnH90qGnz
Los Enanitos Verdes,4TK1gDgb7QKoPFlzRrBRgR
Lin-Manuel Miranda,4aXXDj9aZnlshx7mzj3W1N
Eugenio Esquivel,5HeN1Iza4nZe03sFlonddz
Mc Davi,1cYhx7ZOhYoVmnDPb9KMwo
Blur,7MhMgCo0Bl0Kukl93PZbYS
Ke Personajes,06Q5VlSAku57lFzyME3HrM
Lizzy McAlpine,1GmsPCcpKgF9OhlNXjOsbS
Shreyas Puranik,5o36rLQd78Zh8CaT8rn59d
MC Cabelinho,1WQBwwssN6r8DSjUlkyUGW
Loreen,49aaHxvAJ0tCh0F15OnwIl
Cults,3Oim8XBPbznAa8Jj8QzNc8
S. P. Balasubrahmanyam,2ae6PxICSOZHvjqiCcgon8
WALK THE MOON,6DIS6PRrLS3wbnZsf7vYic
James Bay,4EzkuveR9pLvDVFNx6foYD
Wham!,5lpH0xAS4fVfLkACg9DAuM
Bomba Estéreo,5n9bMYfz9qss2VOW89EVs2
Sukhwinder Singh,19MVxKZZdPj2X0F8pi0OCT
Rammstein,6wWVKhxIU2cEi0K81v7HvP
James Blunt,7KMqksf0UMdyA0UCf4R3ux
Billy Idol,7lzordPuZEXxwt9aoVZYmG
Goodboys,2nm38smINjms1LtczR0Cei
Rosa Linn,46xBNx0j6cwY6sD9LgMTm1
Calibre 50,4jogXSSvlyMkODGSZ2wc2P
Dermot Kennedy,5KNNVgR6LBIABRIomyCwKJ
The Beach Boys,3oDbviiivRWhXwIE8hxkVV
Brytiago,00XhexlJEXQstHimpZN910
Joan Sebastian,7FsRH5bw8iWpSbMX1G7xf1
Camila,4nDoRrQiYLoBzwC5BhVJzF
Purple Disco Machine,2WBJQGf1bT1kxuoqziH5g4
Leon Bridges,3qnGvpP8Yth1AqSBMqON5x
Birdy,2WX2uTcsvV5OnS0inACecP
Like Mike,4pwXiI7Z5ZStkgKowZyoKi
Trueno,2x7PC78TmgqpEIjaGAZ0Oz
K. S. Chithra,2IUtwMti1OiT3lkW6RubgH
LIT killah,1vqR17Iv8VFdzure1TAXEq
La Oreja de Van Gogh,4U7lXyKdSf1JbM1aXvsodC
Tony Aguirre,6twEaJ9RPRYiCmWapjG8xh
Guilherme & Benuto,46NHIGaIM5YNY9Wu1kIqvP
Johnny Cash,6kACVPfCOnqzgfEF5ryl0x
The Mamas & The Papas,1bs7HoMkSyQwcobCpE9KpN
Jelly Roll,19k8AgwwTSxeaxkOuCQEJs
The Clash,3RGLhK1IP9jnYFH4BRFJBS
Marc Anthony,4wLXwxDeWQ8mtUIRPxGiD6
Olivia Newton-John,4BoRxUdrcgbbq1rxJvvhg9
Diddy,59wfkuBoNyhDMQGCljbUbA
Tokischa,2p4aN0Uxkk3iT3HK0cJ2cJ
Thundercat,4frXpPxQQZwbCu3eTGnZEw
Lionel Richie,3gMaNLQm7D9MornNILzdSl
Ciara,2NdeV5rLm47xAvogXrYhJX
TWICE,7n2Ycct7Beij7Dj7meI4X0
Shaan,5cB4d4jPYjMT326sjihQ4m
Tyler Childers,13ZEDW6vyBF12HYcZRr4EV
Anuv Jain,4gdMJYnopf2nEUcanAwstx
GIMS,0GOx72r5AAEKRGQFn3xqXK
FISHER,1VJ0briNOlXRtJUAzoUJdt
Dei V,2YRyPiW98bpkARAS4B3OQP
John Newman,34v5MVKeQnIo0CWYMbbrPf
Leo Santana,7KVJCU4z5L4EUHILL8aMxR
Yusuf / Cat Stevens,08F3Y3SctIlsOEmKd6dnH8
Sam Feldt,20gsENnposVs2I4rQ5kvrf
Aitana,7eLcDZDYHXZCebtQmVFL25
Tom Petty,2UZMlIwnkgAEDBsw1Rejkn
Kordhell,2W6WP4pHQTFlbr2z9S4n54
Noriel,3RtNN1VnooWEn3KQk03DUL
Hombres G,60uh2KYYSCqAgJNxcU4DA0
Gracie Abrams,4tuJ0bMpJh08umKkEXKUI5
TLC,0TImkz4nPqjegtVSMZnMRq
Kany García,69UypehHabb68utzfjAVlV
MNEK,7uMh23xWiuR7zsNkuNcm2G
Logic,4xRYI6VqpkE3UwrDrAZL8L
Louis Armstrong,19eLuQmk9aCobbVDHc6eek
Belinda,5LeiVcEnsZcwc133TUhJNW
KALEO,7jdFEYD2LTYjfwxOdlVjmc
Ivete Sangalo,7dzq55YG3wjViqexDwiycQ
Roxette,2SHhfs4BiDxGQ3oxqf0UHY
Dan + Shay,7z5WFjZAIYejWy0NI5lv4T
T.I.,4OBJLual30L7gRl5UkeRcT
Felipe Amorim,3CIIaeZuFYrAD6PRVyuO4U
Patrick Watson,7bPs6jf983f0bjRAt1yxDM
Survivor,26bcq2nyj5GB7uRr558iQg
Tito Double P,5eumcnUkdmGvkvcsx1WFNG
Gigi D'Agostino,1OAjDaKgg00KCUYqDe68un
John Lennon,4x1nvY2FN8jxqAFA0DA02H
iann dior,6ASri4ePR7RlsvIQgWPJpS
Rusherking,3Apb2lGmGJaBmr0TTBJvIZ
Prince,5a2EaR3hamoenG9rDuVn8j
Florida Georgia Line,3b8QkneNDz4JHKKKlLgYZg
YNW Melly,1cNDP5yjU5vjeR8qMf4grg
Jaideep Sahni,5kPOMQZvgkAEnRZqwn9SYQ
Deftones,6Ghvu1VvMGScGpOUJBAHNH
Loud Luxury,6t1gpxYbY8OlLA7D2RiikQ
Hans Zimmer,0YC192cP3KPCRWx8zr8MfZ
Ayra Starr,3ZpEKRjHaHANcpk10u6Ntq
Capital Cities,4gwpcMTbLWtBUlOijbVpuu
Isabel LaRosa,5arKwJZEvT5uKq4o0JfqR4
will.i.am,085pc2PYOi8bGKj0PNjekA
The Smashing Pumpkins,40Yq4vzPs9VNUrIBG5Jr2i
$uicideboy$,1VPmR4DJC1PlOtd0IADAO0
Seeb,5iNrZmtVMtYev5M9yoWpEq
Jowell & Randy,4IMAo2UQchVFyPH24PAjUs
King,6QtgPSJPSzcnn7dPZ4VINp
A$AP Ferg,5dHt1vcEm9qb8fCyLcB3HL
Keyshia Cole,1vfezMIyCr4XUdYRaKIKi3
Phoebe Bridgers,1r1uxoy19fzMxunt3ONAkG
Sid Sriram,7qjJw7ZM2ekDSahLXPjIlN
Sajid-Wajid,3qdu3XhzSzkRhbwdFKnSuw
Seafret,4Ly0KABsxlx4fNj63zJTrF
Nio Garcia,5hdhHgpxyniooUiQVaPxQ0
Snow Patrol,3rIZMv9rysU7JkLzEaC5Jp
Devi Sri Prasad,5sSzCxHtgL82pYDvx2QyEU
BigXthaPlug,6qxpnaukVayrQn6ViNvu9I
AgroPlay,0uGWkZRPp1Urk77XBrPBsZ
Cher,72OaDtakiy6yFqkt4TsiFt
Fifth Harmony,1l8Fu6IkuTP0U5QetQJ5Xt
Jeet Gannguli,2kkQthS9OLpK4UqNWYqoVl
Marco Antonio Solís,3tJnB0s6c3oXPq1SCCavnd
Korn,3RNrq3jvMZxD9ZyoOZbQOD
Vacations,0U7iI0Dk4Ojvi17nZboNO4
La Adictiva,49EE6lVLgU8sp7dFgPshgM
Juan Luis Guerra 4.40,3nlpTZci9O5W8RsNoNH559
Rvfv,2CCgb0KApjfQDuTppovpf8
Soda Stereo,7An4yvF7hDYDolN4m5zKBp
Sadhana Sargam,1HGMG8RHvcu1mfdM9MeTek
Kane Brown,3oSJ7TBVCWMDMiYjXNiCKE
Los Tigres Del Norte,3hYtANQYrE6pd2PbtEyTIy
Yuvan Shankar Raja,6AiX12wXdXFoGJ2vk8zBjy
No Doubt,0cQbJU1aAzvbEmTuljWLlF
WIU,3MrDVzg7ZXaYMyQmbDInr7
Tina Turner,1zuJe6b1roixEKMOtyrEak
Etta James,0iOVhN3tnSvgDbcg25JoJb
YG,0n4Fao9kbjgM76RmVlfSwr
Matt Sassari,21dVknSLCsK37cWozWDZZS
Supertramp,3JsMj0DEzyWc0VDlHuy9Bx
Bob Sinclar,5YFS41yoX0YuFY39fq21oN
MC Hariel,0pcoadNMmvrUyab1RxWBoV
Dove Cameron,2W8yFh0Ga6Yf3jiayVxwkE
sped up nightcore,0M2CO5ijP35MDhNwvpgxTV
Mc Kadu,21ELc2P2rA3Cu6xw3VWqvv
John Martin,2auikkNYqigWStoHWK1Grq
Matheus Fernandes,37mqXU98U5GmH5ZDtlHM1c
Bazzi,4GvEc3ANtPPjt1ZJllr5Zl
Bellakath,4yjm4SvYqC5FFuLbB6TyHr
Saweetie,6cK3NBO6uP7hh0oyuVELFl
Norah Jones,2Kx7MNY7cI1ENniW7vT30N
Kumar Sanu,4K6blSRoklNdpw4mzLxwfn
Jimmy Eat World,3Ayl7mCk0nScecqOzvNp6s
Bob Dylan,74ASZWbe4lXaubB36ztrGX
Karan Aujla,6DARBhWbfcS9E4yJzcliqQ
Jorge & Mateus,2kdmTOXncgNHSuYVMhdd5I
Dalex,0KPX4Ucy9dk82uj4GpKesn
Otis Redding,60df5JBRRPcnSpsIMxxwQm
El Fantasma,0my6Pg4I28dVcZLSpAkqhv
Moneybagg Yo,3tJoFztHeIJkJWMrx0td2f
Joaquin Medina,6bpv92ES2Vcv2OKA3DAhgw
Gittobeatz,4rRwh9ghjocFABAwIwnunp
Tego Calderón,3SUT1jjM5hzZj9TLfLZGIP
Ray Charles,1eYhYunlNJlDoQhtYBvPsi
Mc Menor Do Alvorada,0ivrHNM8urVaCkgRX8rtKH
Three Days Grace,2xiIXseIJcq3nG7C8fHeBj
Soolking,0GgY7hjMoGDsX8ZDe2mwds
Hailee Steinfeld,5p7f24Rk5HkUZsaS3BLG5F
Icona Pop,1VBflYyxBhnDc9uVib98rw
Alex Favela,5TcnuUD5MHBfd1cO4kweWD
Mainstreet,25XJqeReVV38w0tR04GGBd
*NSYNC,6Ff53KvcvAj5U7Z1vojB5o
Santa Fe Klan,4tm8CEdm4pkQsEh4jIr9Yp
AP Dhillon,6LEG9Ld1aLImEFEVHdWNSB
Doechii,4E2rKHVDssGJm2SCDOMMJB
Bonnie Tyler,0SD4eZCN4Kr0wQk56hCdh2
Mon Laferte,4boI7bJtmB1L3b1cuL75Zr
The Cardigans,1tqZaCwM57UFKjWoYwMLrw
Israel & Rodolffo,12XUzXcMErp483QV4IDhhD
Sum 41,0qT79UgT5tY4yudH9VfsdT
Sky Rompiendo,51XrH5fQP2oIQynuKxSWcW
Timmy Trumpet,0CbeG1224FS58EUx4tPevZ
El Jordan 23,1fIJZfSmqQkuqfKNRmrS1V
L7NNON,0JjPiLQNgAFaEkwoy56B1C
MC GP,5s27i7oqhNWIcE4HeoVdq0
Aaron May,2rwALQ1SXdfUWPUd6WOfYS
Chris Jedi,0qTZZWLzuD59Un5r1speHm
Counting Crows,0vEsuISMWAKNctLlUAhSZC
Mau y Ricky,2wkoKEfS6dXwThbyTnZWFU
FAST BOY,56Qz2XwGj7FxnNKrfkWjnb
Carla Morrison,0XK6kT7xcZAlcYrNjOgzJe
Ángela Aguilar,3abT87tqQ4Q5PA5nw6CYyH
Mae Stephens,311uEW9rt5g2NmzjGEKS2E
Karthik,0LSPREIgGMZXCuKVel7LVD
Hugo & Guilherme,52hmJl1RBzqc5H0SxvpDZe
Michael Marcagi,4j96cMcT8GRi11qbvo1cLQ
Jordan Davis,77kULmXAQ6vWer7IIHdGzI
Fitz and The Tantrums,4AcHt3JxKy59IX7JNNlZn4
Uzielito Mix,7wgrXbrp9RJQMri26GZgyH
Whethan,0vqJkZ0RpLZixt3lTmD8vP
Grupo Menos É Mais,6vTqEFbTtTRJsuIpzZgjxi
James Blake,53KwLdlmrlCelAZMaLVZqU
alt-J,3XHO7cRUPCLOr6jwp8vsx5
fun.,5nCi3BB41mBaMH9gfr6Su0
Taiu,5szJHKg5xeUlQ9pTqzdpic
Regard,4ofCBoyEiGSePFAG500xev
Gaby Music,1r3tpVQ08jFAA2P4xzV5o4
Jasiel Nuñez,0T8Ix53aIN4F7aEKj4EnKy
Natalia Lafourcade,1hcdI2N1023RvSwLzTtdsp
Lauana Prado,6TYimByryGphZCtwYopH0y
Victoria Monét,63XBtGSEZINSyXylZxEUbv
Sam Cooke,6hnWRPzGGKiapVX1UCdEAC
Beach Weather,7I3bkknknQkIiatWiupQgD
Harris Jayaraj,29aw5YCdIw2FEXYyAJZI8l
Dilsinho,4NUePmzDvCYqilXBFa91Hg
Veigh,4YqwRbMLqGHRHLS1w2ZKse
Manu Chao,6wH6iStAh4KIaWfuhf0NYM
Gera MX,2hejA1Dkf8v8R0koF44FvW
Bailey Zimmerman,3win9vGIxFfBRag9S63wwf
Reneé Rapp,2hUYKu1x0UZQXvzCmggvSn
DMX,1HwM5zlC5qNWhJtM00yXzG
S3BZS,6zFMFB1JvNHkHvCSudF4id
Borges,6jBww4kwlSrjaNYP7AQPtX
Joey Bada$$,2P5sC9cVZDToPxyomzF1UH
Owl City,07QEuhtrNmmZ0zEcqE9SF6
MAGIC!,0DxeaLnv6SyYk2DOqkLO8c
Sidhu Moose Wala,4PULA4EFzYTrxYvOVlwpiQ
Thomas Rhett,6x2LnllRG5uGarZMsD4iO8
Libianca,7kjSuFGKhLm8b5qXoMhRkJ
Avenged Sevenfold,0nmQIMXWTXfhgOBdNzhGOs
Sixpence None The Richer,0lJlKQvuM2Sd9DPPyUXcHg
Ajay-Atul,5fvTHKKzW44A9867nPDocM
Chance the Rapper,1anyVhU62p31KFi8MEzkbf
Lyanno,1Ts9of7VPZElwPQnqnDSfW
Zé Felipe,7cmuxPnXRJxwuYDHfbD8Eu
Odetari,7ITMCzIU9uII8gwRg8JAhc
Luke Bryan,0BvkDsjIUla7X0k6CSWh1I
Rage Against The Machine,2d0hyoQ5ynDBnkvAbJKORj
Smash Mouth,2iEvnFsWxR0Syqu2JNopAd
Manu,0tmwSHipWxN12fsoLcFU3B
Nicky Youre,7qmpXeNz2ojlMl2EEfkeLs
Kodaline,4BxCuXFJrSWGi1KHcVqaU4
Pixies,6zvul52xwTWzilBZl6BUbT
MC GH do 7,5XUMgbLR3zyRPesnTQY31C
Eric Church,2IvkS5MXK0vPGnwyJsrEyV
AFROJACK,4D75GcNG95ebPtNvoNVXhz
Jeremy Zucker,3gIRvgZssIb9aiirIg0nI3
Thaman S,2FgHPfRprDaylrSRVf1UlN
Dj GBR,0IhzJFf4QBEz0ifqLwScKV
Ski Mask The Slump God,2rhFzFmezpnW82MNqEKVry
Kate Bush,1aSxMhuvixZ8h9dK9jIDwL
Rascal Flatts,0a1gHP0HAqALbEyxaD5Ngn
Juan Gabriel,2MRBDr0crHWE5JwPceFncq
Naeleck,2DYDFBqoaBP2i9XrTGpOgF
King Von,6QtgPSJPSzcnn7dPZ4VINp
Kavita Krishnamurthy,6WPmTGeeoymoVlXVtsCwz7
Nas,20qISvAhX20dpIbOOzGK3q
Novo Amor,0rZp7G3gIH6WkyeXbrZnGi
A7S,5Wg2b4Mp42gicxEeDNawf7
AJR,6s22t5Y3prQHyaHWUN1R1C
Jess Glynne,4ScCswdRlyA23odg9thgIO
Wizkid,3tVQdUvClmAT7URs9V3rsp
Fetty Wap,6PXS4YHDkKvl1wkIl4V8DL
MARINA,6CwfuxIqcltXDGjfZsMd9A
C. Tangana,5TYxZTjIPqKM8K8NuP9woO
INXS,1eClJfHLoDI4rZe5HxzBFv
João Gomes,4JNo6Q5KdcRf1vtSX9mB0S
CKay,048LktY5zMnakWq7PTtFrz
Murilo Huff,3hq7WoPJsrRP0KMSLhUgRz
Ludovico Einaudi,2uFUBdaVGtyMqckSeCl0Qj
Kailash Kher,4oVMLzAqW6qhRpZWt8fNw4
Majid Jordan,4HzKw8XcD0piJmDrrPRCYk
INNA,2w9zwq3AktTeYYMuhMjju8
Bleachers,2eam0iDomRHGBypaDQLwWI
Heart,34jw2BbxjoYalTp8cJFCPv
MK,1yqxFtPHKcGcv6SXZNdyT9
Sachet-Parampara,1SyKki7JI1AZNKwgNMkn25
Talking Heads,2x9SpqnPi8rlE9pjHBwmSC
Hoobastank,2MqhkhX4npxDZ62ObR5ELO
Palak Muchhal,3yMmYEklQ7gLOZXEFNd3xr
Jessie Murph,2yLzlEFtIS0Q9UkyBZdQA7
Sufjan Stevens,4MXUO7sVCaFgFjoTI5ox5c
Dhvani Bhanushali,1OPqAyxsQc8mcRmoNBAnVk
Danna Paola,5xSx2FM8mQnrfgM1QsHniB
Tulus,2iDVt6mFbtbDEZG5ax0dTi
Colbie Caillat,6aZyMrc4doVtZyKNilOmwu
Chicago,3iDD7bnsjL9J4fO298r0L0
Ozzy Osbourne,6ZLTlhejhndI4Rh53vYhrY
Surf Curse,1gl0S9pS0Zw0qfa14rDD3D
R. D. Burman,2JSYASbWU5Y0fVpts3Eq7g
Vicente Fernández,4PPoI9LuYeFX8V674Z1R6l
Nina Simone,7G1GBhoKtEPnP86X2PvEYO
Bacilos,1mux8L6xg2Cmrc7k0wQczl
Maggie Rogers,4NZvixzsSefsNiIqXn0NDe
Of Monsters and Men,4dwdTW1Lfiq0cM8nBAqIIz
Roy Orbison,0JDkhL4rjiPNEp92jAgJnS
Jungle,59oA5WbbQvomJz2BuRG071
BØRNS,1KP6TWI40m7p3QBTU6u2xo
Zion,21451j1KhjAiaYKflxBjr1
Yuridia,5B8ApeENp4bE4EE3LI8jK2
The Verve,2cGwlqi3k18jFpUyTrsR84
Sasha Alex Sloan,4xnihxcoXWK3UqryOSnbw5
